filename,url
Shape-2D-Primitives-arc.pdf,https://p5js.org/reference/p5/arc/
Shape-2D-Primitives-circle.pdf,https://p5js.org/reference/p5/circle/
Shape-2D-Primitives-ellipse.pdf,https://p5js.org/reference/p5/ellipse/
Shape-2D-Primitives-line.pdf,https://p5js.org/reference/p5/line/
Shape-2D-Primitives-point.pdf,https://p5js.org/reference/p5/point/
Shape-2D-Primitives-quad.pdf,https://p5js.org/reference/p5/quad/
Shape-2D-Primitives-rect.pdf,https://p5js.org/reference/p5/rect/
Shape-2D-Primitives-square.pdf,https://p5js.org/reference/p5/square/
Shape-2D-Primitives-triangle.pdf,https://p5js.org/reference/p5/triangle/
Shape-3D-Models-createModel.pdf,https://p5js.org/reference/p5/createModel/
Shape-3D-Models-loadModel.pdf,https://p5js.org/reference/p5/loadModel/
Shape-3D-Models-model.pdf,https://p5js.org/reference/p5/model/
Shape-3D-Primitives-beginGeometry.pdf,https://p5js.org/reference/p5/beginGeometry/
Shape-3D-Primitives-box.pdf,https://p5js.org/reference/p5/box/
Shape-3D-Primitives-buildGeometry.pdf,https://p5js.org/reference/p5/buildGeometry/
Shape-3D-Primitives-cone.pdf,https://p5js.org/reference/p5/cone/
Shape-3D-Primitives-cylinder.pdf,https://p5js.org/reference/p5/cylinder/
Shape-3D-Primitives-ellipsoid.pdf,https://p5js.org/reference/p5/ellipsoid/
Shape-3D-Primitives-endGeometry.pdf,https://p5js.org/reference/p5/endGeometry/
Shape-3D-Primitives-freeGeometry.pdf,https://p5js.org/reference/p5/freeGeometry/
Shape-3D-Primitives-plane.pdf,https://p5js.org/reference/p5/plane/
Shape-3D-Primitives-sphere.pdf,https://p5js.org/reference/p5/sphere/
Shape-3D-Primitives-torus.pdf,https://p5js.org/reference/p5/torus/
Shape-Attributes-ellipseMode.pdf,https://p5js.org/reference/p5/ellipseMode/
Shape-Attributes-noSmooth.pdf,https://p5js.org/reference/p5/noSmooth/
Shape-Attributes-rectMode.pdf,https://p5js.org/reference/p5/rectMode/
Shape-Attributes-smooth.pdf,https://p5js.org/reference/p5/smooth/
Shape-Attributes-strokeCap.pdf,https://p5js.org/reference/p5/strokeCap/
Shape-Attributes-strokeJoin.pdf,https://p5js.org/reference/p5/strokeJoin/
Shape-Attributes-strokeWeight.pdf,https://p5js.org/reference/p5/strokeWeight/
Shape-Curves-bezier.pdf,https://p5js.org/reference/p5/bezier/
Shape-Curves-bezierDetail.pdf,https://p5js.org/reference/p5/bezierDetail/
Shape-Curves-bezierPoint.pdf,https://p5js.org/reference/p5/bezierPoint/
Shape-Curves-bezierTangent.pdf,https://p5js.org/reference/p5/bezierTangent/
Shape-Curves-curve.pdf,https://p5js.org/reference/p5/curve/
Shape-Curves-curveDetail.pdf,https://p5js.org/reference/p5/curveDetail/
Shape-Curves-curvePoint.pdf,https://p5js.org/reference/p5/curvePoint/
Shape-Curves-curveTangent.pdf,https://p5js.org/reference/p5/curveTangent/
Shape-Curves-curveTightness.pdf,https://p5js.org/reference/p5/curveTightness/
Shape-Vertex-beginContour.pdf,https://p5js.org/reference/p5/beginContour/
Shape-Vertex-beginShape.pdf,https://p5js.org/reference/p5/beginShape/
Shape-Vertex-bezierVertex.pdf,https://p5js.org/reference/p5/bezierVertex/
Shape-Vertex-curveVertex.pdf,https://p5js.org/reference/p5/curveVertex/
Shape-Vertex-endContour.pdf,https://p5js.org/reference/p5/endContour/
Shape-Vertex-endShape.pdf,https://p5js.org/reference/p5/endShape/
Shape-Vertex-normal.pdf,https://p5js.org/reference/p5/normal/
Shape-Vertex-quadraticVertex.pdf,https://p5js.org/reference/p5/quadraticVertex/
Shape-Vertex-vertex.pdf,https://p5js.org/reference/p5/vertex/
Shape-p5.Geometry-calculateBoundingBox.pdf,https://p5js.org/reference/p5.Geometry/calculateBoundingBox/
Shape-p5.Geometry-clearColors.pdf,https://p5js.org/reference/p5.Geometry/clearColors/
Shape-p5.Geometry-computeFaces.pdf,https://p5js.org/reference/p5.Geometry/computeFaces/
Shape-p5.Geometry-computeNormals.pdf,https://p5js.org/reference/p5.Geometry/computeNormals/
Shape-p5.Geometry-faces.pdf,https://p5js.org/reference/p5.Geometry/faces/
Shape-p5.Geometry-flipU.pdf,https://p5js.org/reference/p5.Geometry/flipU/
Shape-p5.Geometry-flipV.pdf,https://p5js.org/reference/p5.Geometry/flipV/
Shape-p5.Geometry-normalize.pdf,https://p5js.org/reference/p5.Geometry/normalize/
Shape-p5.Geometry-saveObj.pdf,https://p5js.org/reference/p5.Geometry/saveObj/
Shape-p5.Geometry-saveStl.pdf,https://p5js.org/reference/p5.Geometry/saveStl/
Shape-p5.Geometry-uvs.pdf,https://p5js.org/reference/p5.Geometry/uvs/
Shape-p5.Geometry-vertexNormals.pdf,https://p5js.org/reference/p5.Geometry/vertexNormals/
Shape-p5.Geometry-vertices.pdf,https://p5js.org/reference/p5.Geometry/vertices/
Color-Creating-Reading-alpha.pdf,https://p5js.org/reference/p5/alpha/
Color-Creating-Reading-blue.pdf,https://p5js.org/reference/p5/blue/
Color-Creating-Reading-brightness.pdf,https://p5js.org/reference/p5/brightness/
Color-Creating-Reading-color.pdf,https://p5js.org/reference/p5/color/
Color-Creating-Reading-green.pdf,https://p5js.org/reference/p5/green/
Color-Creating-Reading-hue.pdf,https://p5js.org/reference/p5/hue/
Color-Creating-Reading-lerpColor.pdf,https://p5js.org/reference/p5/lerpColor/
Color-Creating-Reading-lightness.pdf,https://p5js.org/reference/p5/lightness/
Color-Creating-Reading-paletteLerp.pdf,https://p5js.org/reference/p5/paletteLerp/
Color-Creating-Reading-red.pdf,https://p5js.org/reference/p5/red/
Color-Creating-Reading-saturation.pdf,https://p5js.org/reference/p5/saturation/
Color-Setting-background.pdf,https://p5js.org/reference/p5/background/
Color-Setting-beginClip.pdf,https://p5js.org/reference/p5/beginClip/
Color-Setting-clear.pdf,https://p5js.org/reference/p5/clear/
Color-Setting-clip.pdf,https://p5js.org/reference/p5/clip/
Color-Setting-colorMode.pdf,https://p5js.org/reference/p5/colorMode/
Color-Setting-endClip.pdf,https://p5js.org/reference/p5/endClip/
Color-Setting-erase.pdf,https://p5js.org/reference/p5/erase/
Color-Setting-fill.pdf,https://p5js.org/reference/p5/fill/
Color-Setting-noErase.pdf,https://p5js.org/reference/p5/noErase/
Color-Setting-noFill.pdf,https://p5js.org/reference/p5/noFill/
Color-Setting-noStroke.pdf,https://p5js.org/reference/p5/noStroke/
Color-Setting-stroke.pdf,https://p5js.org/reference/p5/stroke/
Color-p5.Color-setAlpha.pdf,https://p5js.org/reference/p5.Color/setAlpha/
Color-p5.Color-setBlue.pdf,https://p5js.org/reference/p5.Color/setBlue/
Color-p5.Color-setGreen.pdf,https://p5js.org/reference/p5.Color/setGreen/
Color-p5.Color-setRed.pdf,https://p5js.org/reference/p5.Color/setRed/
Color-p5.Color-toString.pdf,https://p5js.org/reference/p5.Color/toString/
Typography-Attributes-textAlign.pdf,https://p5js.org/reference/p5/textAlign/
Typography-Attributes-textAscent.pdf,https://p5js.org/reference/p5/textAscent/
Typography-Attributes-textDescent.pdf,https://p5js.org/reference/p5/textDescent/
Typography-Attributes-textLeading.pdf,https://p5js.org/reference/p5/textLeading/
Typography-Attributes-textSize.pdf,https://p5js.org/reference/p5/textSize/
Typography-Attributes-textStyle.pdf,https://p5js.org/reference/p5/textStyle/
Typography-Attributes-textWidth.pdf,https://p5js.org/reference/p5/textWidth/
Typography-Attributes-textWrap.pdf,https://p5js.org/reference/p5/textWrap/
Typography-Attributes-loadFont.pdf,https://p5js.org/reference/p5/loadFont/
Typography-Attributes-text.pdf,https://p5js.org/reference/p5/text/
Typography-Attributes-textFont.pdf,https://p5js.org/reference/p5/textFont/
Typography-p5.Font-font.pdf,https://p5js.org/reference/p5.Font/font/
Typography-p5.Font-textBounds.pdf,https://p5js.org/reference/p5.Font/textBounds/
Typography-p5.Font-textToPoints.pdf,https://p5js.org/reference/p5.Font/textToPoints/
Image-createImage.pdf,https://p5js.org/reference/p5/createImage/
Image-saveCanvas.pdf,https://p5js.org/reference/p5/saveCanvas/
Image-saveFrames.pdf,https://p5js.org/reference/p5/saveFrames/
Image-image.pdf,https://p5js.org/reference/p5/image/
Image-imageMode.pdf,https://p5js.org/reference/p5/imageMode/
Image-loadImage.pdf,https://p5js.org/reference/p5/loadImage/
Image-noTint.pdf,https://p5js.org/reference/p5/noTint/
Image-saveGif.pdf,https://p5js.org/reference/p5/saveGif/
Image-tint.pdf,https://p5js.org/reference/p5/tint/
Image-Pixels-blend.pdf,https://p5js.org/reference/p5/blend/
Image-Pixels-copy.pdf,https://p5js.org/reference/p5/copy/
Image-Pixels-filter.pdf,https://p5js.org/reference/p5/filter/
Image-Pixels-get.pdf,https://p5js.org/reference/p5/get/
Image-Pixels-loadPixels.pdf,https://p5js.org/reference/p5/loadPixels/
Image-Pixels-pixels.pdf,https://p5js.org/reference/p5/pixels/
Image-Pixels-set.pdf,https://p5js.org/reference/p5/set/
Image-Pixels-updatePixels.pdf,https://p5js.org/reference/p5/updatePixels/
Image-p5.Image-blend.pdf,https://p5js.org/reference/p5.Image/blend/
Image-p5.Image-copy.pdf,https://p5js.org/reference/p5.Image/copy/
Image-p5.Image-delay.pdf,https://p5js.org/reference/p5.Image/delay/
Image-p5.Image-filter.pdf,https://p5js.org/reference/p5.Image/filter/
Image-p5.Image-get.pdf,https://p5js.org/reference/p5.Image/get/
Image-p5.Image-getCurrentFrame.pdf,https://p5js.org/reference/p5.Image/getCurrentFrame/
Image-p5.Image-height.pdf,https://p5js.org/reference/p5.Image/height/
Image-p5.Image-loadPixels.pdf,https://p5js.org/reference/p5.Image/loadPixels/
Image-p5.Image-mask.pdf,https://p5js.org/reference/p5.Image/mask/
Image-p5.Image-numFrames.pdf,https://p5js.org/reference/p5.Image/numFrames/
Image-p5.Image-pause.pdf,https://p5js.org/reference/p5.Image/pause/
Image-p5.Image-pixelDensity.pdf,https://p5js.org/reference/p5.Image/pixelDensity/
Image-p5.Image-pixels.pdf,https://p5js.org/reference/p5.Image/pixels/
Image-p5.Image-play.pdf,https://p5js.org/reference/p5.Image/play/
Image-p5.Image-reset.pdf,https://p5js.org/reference/p5.Image/reset/
Image-p5.Image-resize.pdf,https://p5js.org/reference/p5.Image/resize/
Image-p5.Image-save.pdf,https://p5js.org/reference/p5.Image/save/
Image-p5.Image-set.pdf,https://p5js.org/reference/p5.Image/set/
Image-p5.Image-setFrame.pdf,https://p5js.org/reference/p5.Image/setFrame/
Image-p5.Image-updatePixels.pdf,https://p5js.org/reference/p5.Image/updatePixels/
Image-p5.Image-width.pdf,https://p5js.org/reference/p5.Image/width/
Transform-applyMatrix.pdf,https://p5js.org/reference/p5/applyMatrix/
Transform-resetMatrix.pdf,https://p5js.org/reference/p5/resetMatrix/
Transform-rotate.pdf,https://p5js.org/reference/p5/rotate/
Transform-rotateX.pdf,https://p5js.org/reference/p5/rotateX/
Transform-rotateY.pdf,https://p5js.org/reference/p5/rotateY/
Transform-rotateZ.pdf,https://p5js.org/reference/p5/rotateZ/
Transform-scale.pdf,https://p5js.org/reference/p5/scale/
Transform-shearX.pdf,https://p5js.org/reference/p5/shearX/
Transform-shearY.pdf,https://p5js.org/reference/p5/shearY/
Transform-translate.pdf,https://p5js.org/reference/p5/translate/
Environment-cursor.pdf,https://p5js.org/reference/p5/cursor/
Environment-deltaTime.pdf,https://p5js.org/reference/p5/deltaTime/
Environment-describe.pdf,https://p5js.org/reference/p5/describe/
Environment-describeElement.pdf,https://p5js.org/reference/p5/describeElement/
Environment-displayDensity.pdf,https://p5js.org/reference/p5/displayDensity/
Environment-displayHeight.pdf,https://p5js.org/reference/p5/displayHeight/
Environment-displayWidth.pdf,https://p5js.org/reference/p5/displayWidth/
Environment-focused.pdf,https://p5js.org/reference/p5/focused/
Environment-frameCount.pdf,https://p5js.org/reference/p5/frameCount/
Environment-frameRate.pdf,https://p5js.org/reference/p5/frameRate/
Environment-fullscreen.pdf,https://p5js.org/reference/p5/fullscreen/
Environment-getTargetFrameRate.pdf,https://p5js.org/reference/p5/getTargetFrameRate/
Environment-getURL.pdf,https://p5js.org/reference/p5/getURL/
Environment-getURLParams.pdf,https://p5js.org/reference/p5/getURLParams/
Environment-getURLPath.pdf,https://p5js.org/reference/p5/getURLPath/
Environment-gridOutput.pdf,https://p5js.org/reference/p5/gridOutput/
Environment-height.pdf,https://p5js.org/reference/p5/height/
Environment-noCursor.pdf,https://p5js.org/reference/p5/noCursor/
Environment-pixelDensity.pdf,https://p5js.org/reference/p5/pixelDensity/
Environment-print.pdf,https://p5js.org/reference/p5/print/
Environment-textOutput.pdf,https://p5js.org/reference/p5/textOutput/
Environment-webglVersion.pdf,https://p5js.org/reference/p5/webglVersion/
Environment-width.pdf,https://p5js.org/reference/p5/width/
Environment-windowHeight.pdf,https://p5js.org/reference/p5/windowHeight/
Environment-windowResized.pdf,https://p5js.org/reference/p5/windowResized/
Environment-windowWidth.pdf,https://p5js.org/reference/p5/windowWidth/
3D-Camera-camera.pdf,https://p5js.org/reference/p5/camera/
3D-Camera-createCamera.pdf,https://p5js.org/reference/p5/createCamera/
3D-Camera-frustum.pdf,https://p5js.org/reference/p5/frustum/
3D-Camera-linePerspective.pdf,https://p5js.org/reference/p5/linePerspective/
3D-Camera-ortho.pdf,https://p5js.org/reference/p5/ortho/
3D-Camera-perspective.pdf,https://p5js.org/reference/p5/perspective/
3D-Camera-setCamera.pdf,https://p5js.org/reference/p5/setCamera/
3D-Camera-debugMode.pdf,https://p5js.org/reference/p5/debugMode/
3D-Camera-noDebugMode.pdf,https://p5js.org/reference/p5/noDebugMode/
3D-Camera-orbitControl.pdf,https://p5js.org/reference/p5/orbitControl/
3D-Lights-ambientLight.pdf,https://p5js.org/reference/p5/ambientLight/
3D-Lights-directionalLight.pdf,https://p5js.org/reference/p5/directionalLight/
3D-Lights-imageLight.pdf,https://p5js.org/reference/p5/imageLight/
3D-Lights-lightFalloff.pdf,https://p5js.org/reference/p5/lightFalloff/
3D-Lights-lights.pdf,https://p5js.org/reference/p5/lights/
3D-Lights-noLights.pdf,https://p5js.org/reference/p5/noLights/
3D-Lights-panorama.pdf,https://p5js.org/reference/p5/panorama/
3D-Lights-pointLight.pdf,https://p5js.org/reference/p5/pointLight/
3D-Lights-specularColor.pdf,https://p5js.org/reference/p5/specularColor/
3D-Lights-spotLight.pdf,https://p5js.org/reference/p5/spotLight/
3D-Material-ambientMaterial.pdf,https://p5js.org/reference/p5/ambientMaterial/
3D-Material-baseColorShader.pdf,https://p5js.org/reference/p5/baseColorShader/
3D-Material-baseMaterialShader.pdf,https://p5js.org/reference/p5/baseMaterialShader/
3D-Material-baseNormalShader.pdf,https://p5js.org/reference/p5/baseNormalShader/
3D-Material-baseStrokeShader.pdf,https://p5js.org/reference/p5/baseStrokeShader/
3D-Material-createFilterShader.pdf,https://p5js.org/reference/p5/createFilterShader/
3D-Material-createShader.pdf,https://p5js.org/reference/p5/createShader/
3D-Material-emissiveMaterial.pdf,https://p5js.org/reference/p5/emissiveMaterial/
3D-Material-loadShader.pdf,https://p5js.org/reference/p5/loadShader/
3D-Material-metalness.pdf,https://p5js.org/reference/p5/metalness/
3D-Material-normalMaterial.pdf,https://p5js.org/reference/p5/normalMaterial/
3D-Material-resetShader.pdf,https://p5js.org/reference/p5/resetShader/
3D-Material-shader.pdf,https://p5js.org/reference/p5/shader/
3D-Material-shininess.pdf,https://p5js.org/reference/p5/shininess/
3D-Material-specularMaterial.pdf,https://p5js.org/reference/p5/specularMaterial/
3D-Material-texture.pdf,https://p5js.org/reference/p5/texture/
3D-Material-textureMode.pdf,https://p5js.org/reference/p5/textureMode/
3D-Material-textureWrap.pdf,https://p5js.org/reference/p5/textureWrap/
3D-p5.Camera-camera.pdf,https://p5js.org/reference/p5.Camera/camera/
3D-p5.Camera-centerX.pdf,https://p5js.org/reference/p5.Camera/centerX/
3D-p5.Camera-centerY.pdf,https://p5js.org/reference/p5.Camera/centerY/
3D-p5.Camera-centerZ.pdf,https://p5js.org/reference/p5.Camera/centerZ/
3D-p5.Camera-eyeX.pdf,https://p5js.org/reference/p5.Camera/eyeX/
3D-p5.Camera-eyeY.pdf,https://p5js.org/reference/p5.Camera/eyeY/
3D-p5.Camera-eyeZ.pdf,https://p5js.org/reference/p5.Camera/eyeZ/
3D-p5.Camera-frustum.pdf,https://p5js.org/reference/p5.Camera/frustum/
3D-p5.Camera-lookAt.pdf,https://p5js.org/reference/p5.Camera/lookAt/
3D-p5.Camera-move.pdf,https://p5js.org/reference/p5.Camera/move/
3D-p5.Camera-ortho.pdf,https://p5js.org/reference/p5.Camera/ortho/
3D-p5.Camera-pan.pdf,https://p5js.org/reference/p5.Camera/pan/
3D-p5.Camera-perspective.pdf,https://p5js.org/reference/p5.Camera/perspective/
3D-p5.Camera-roll.pdf,https://p5js.org/reference/p5.Camera/roll/
3D-p5.Camera-set.pdf,https://p5js.org/reference/p5.Camera/set/
3D-p5.Camera-setPosition.pdf,https://p5js.org/reference/p5.Camera/setPosition/
3D-p5.Camera-slerp.pdf,https://p5js.org/reference/p5.Camera/slerp/
3D-p5.Camera-tilt.pdf,https://p5js.org/reference/p5.Camera/tilt/
3D-p5.Camera-upX.pdf,https://p5js.org/reference/p5.Camera/upX/
3D-p5.Camera-upY.pdf,https://p5js.org/reference/p5.Camera/upY/
3D-p5.Camera-upZ.pdf,https://p5js.org/reference/p5.Camera/upZ/
3D-p5.Shader-copyToContext.pdf,https://p5js.org/reference/p5.Shader/copyToContext/
3D-p5.Shader-inspectHooks.pdf,https://p5js.org/reference/p5.Shader/inspectHooks/
3D-p5.Shader-modify.pdf,https://p5js.org/reference/p5.Shader/modify/
3D-p5.Shader-setUniform.pdf,https://p5js.org/reference/p5.Shader/setUniform/
Rendering-blendMode.pdf,https://p5js.org/reference/p5/blendMode/
Rendering-clearDepth.pdf,https://p5js.org/reference/p5/clearDepth/
Rendering-createCanvas.pdf,https://p5js.org/reference/p5/createCanvas/
Rendering-createFramebuffer.pdf,https://p5js.org/reference/p5/createFramebuffer/
Rendering-createGraphics.pdf,https://p5js.org/reference/p5/createGraphics/
Rendering-drawingContext.pdf,https://p5js.org/reference/p5/drawingContext/
Rendering-noCanvas.pdf,https://p5js.org/reference/p5/noCanvas/
Rendering-resizeCanvas.pdf,https://p5js.org/reference/p5/resizeCanvas/
Rendering-setAttributes.pdf,https://p5js.org/reference/p5/setAttributes/
Rendering-p5.Framebuffer-autoSized.pdf,https://p5js.org/reference/p5.Framebuffer/autoSized/
Rendering-p5.Framebuffer-begin.pdf,https://p5js.org/reference/p5.Framebuffer/begin/
Rendering-p5.Framebuffer-color.pdf,https://p5js.org/reference/p5.Framebuffer/color/
Rendering-p5.Framebuffer-createCamera.pdf,https://p5js.org/reference/p5.Framebuffer/createCamera/
Rendering-p5.Framebuffer-depth.pdf,https://p5js.org/reference/p5.Framebuffer/depth/
Rendering-p5.Framebuffer-draw.pdf,https://p5js.org/reference/p5.Framebuffer/draw/
Rendering-p5.Framebuffer-end.pdf,https://p5js.org/reference/p5.Framebuffer/end/
Rendering-p5.Framebuffer-get.pdf,https://p5js.org/reference/p5.Framebuffer/get/
Rendering-p5.Framebuffer-loadPixels.pdf,https://p5js.org/reference/p5.Framebuffer/loadPixels/
Rendering-p5.Framebuffer-pixelDensity.pdf,https://p5js.org/reference/p5.Framebuffer/pixelDensity/
Rendering-p5.Framebuffer-pixels.pdf,https://p5js.org/reference/p5.Framebuffer/pixels/
Rendering-p5.Framebuffer-remove.pdf,https://p5js.org/reference/p5.Framebuffer/remove/
Rendering-p5.Framebuffer-resize.pdf,https://p5js.org/reference/p5.Framebuffer/resize/
Rendering-p5.Framebuffer-updatePixels.pdf,https://p5js.org/reference/p5.Framebuffer/updatePixels/
Rendering-p5.Graphics-createFramebuffer.pdf,https://p5js.org/reference/p5.Graphics/createFramebuffer/
Rendering-p5.Graphics-remove.pdf,https://p5js.org/reference/p5.Graphics/remove/
Rendering-p5.Graphics-reset.pdf,https://p5js.org/reference/p5.Graphics/reset/
Math-Calculation-abs.pdf,https://p5js.org/reference/p5/abs/
Math-Calculation-ceil.pdf,https://p5js.org/reference/p5/ceil/
Math-Calculation-constrain.pdf,https://p5js.org/reference/p5/constrain/
Math-Calculation-dist.pdf,https://p5js.org/reference/p5/dist/
Math-Calculation-exp.pdf,https://p5js.org/reference/p5/exp/
Math-Calculation-floor.pdf,https://p5js.org/reference/p5/floor/
Math-Calculation-fract.pdf,https://p5js.org/reference/p5/fract/
Math-Calculation-lerp.pdf,https://p5js.org/reference/p5/lerp/
Math-Calculation-log.pdf,https://p5js.org/reference/p5/log/
Math-Calculation-mag.pdf,https://p5js.org/reference/p5/mag/
Math-Calculation-map.pdf,https://p5js.org/reference/p5/map/
Math-Calculation-max.pdf,https://p5js.org/reference/p5/max/
Math-Calculation-min.pdf,https://p5js.org/reference/p5/min/
Math-Calculation-norm.pdf,https://p5js.org/reference/p5/norm/
Math-Calculation-pow.pdf,https://p5js.org/reference/p5/pow/
Math-Calculation-round.pdf,https://p5js.org/reference/p5/round/
Math-Calculation-sq.pdf,https://p5js.org/reference/p5/sq/
Math-Calculation-sqrt.pdf,https://p5js.org/reference/p5/sqrt/
Math-Noise-noise.pdf,https://p5js.org/reference/p5/noise/
Math-Noise-noiseDetail.pdf,https://p5js.org/reference/p5/noiseDetail/
Math-Noise-noiseSeed.pdf,https://p5js.org/reference/p5/noiseSeed/
Math-Random-random.pdf,https://p5js.org/reference/p5/random/
Math-Random-randomGaussian.pdf,https://p5js.org/reference/p5/randomGaussian/
Math-Random-randomSeed.pdf,https://p5js.org/reference/p5/randomSeed/
Math-Trigonometry-acos.pdf,https://p5js.org/reference/p5/acos/
Math-Trigonometry-angleMode.pdf,https://p5js.org/reference/p5/angleMode/
Math-Trigonometry-asin.pdf,https://p5js.org/reference/p5/asin/
Math-Trigonometry-atan.pdf,https://p5js.org/reference/p5/atan/
Math-Trigonometry-atan2.pdf,https://p5js.org/reference/p5/atan2/
Math-Trigonometry-cos.pdf,https://p5js.org/reference/p5/cos/
Math-Trigonometry-degrees.pdf,https://p5js.org/reference/p5/degrees/
Math-Trigonometry-radians.pdf,https://p5js.org/reference/p5/radians/
Math-Trigonometry-sin.pdf,https://p5js.org/reference/p5/sin/
Math-Trigonometry-tan.pdf,https://p5js.org/reference/p5/tan/
Math-Vector-createVector.pdf,https://p5js.org/reference/p5/createVector/
Math-p5.Vector-add.pdf,https://p5js.org/reference/p5.Vector/add/
Math-p5.Vector-angleBetween.pdf,https://p5js.org/reference/p5.Vector/angleBetween/
Math-p5.Vector-array.pdf,https://p5js.org/reference/p5.Vector/array/
Math-p5.Vector-clampToZero.pdf,https://p5js.org/reference/p5.Vector/clampToZero/
Math-p5.Vector-copy.pdf,https://p5js.org/reference/p5.Vector/copy/
Math-p5.Vector-cross.pdf,https://p5js.org/reference/p5.Vector/cross/
Math-p5.Vector-dist.pdf,https://p5js.org/reference/p5.Vector/dist/
Math-p5.Vector-div.pdf,https://p5js.org/reference/p5.Vector/div/
Math-p5.Vector-dot.pdf,https://p5js.org/reference/p5.Vector/dot/
Math-p5.Vector-equals.pdf,https://p5js.org/reference/p5.Vector/equals/
Math-p5.Vector-fromAngle.pdf,https://p5js.org/reference/p5.Vector/fromAngle/
Math-p5.Vector-fromAngles.pdf,https://p5js.org/reference/p5.Vector/fromAngles/
Math-p5.Vector-heading.pdf,https://p5js.org/reference/p5.Vector/heading/
Math-p5.Vector-lerp.pdf,https://p5js.org/reference/p5.Vector/lerp/
Math-p5.Vector-limit.pdf,https://p5js.org/reference/p5.Vector/limit/
Math-p5.Vector-mag.pdf,https://p5js.org/reference/p5.Vector/mag/
Math-p5.Vector-magSq.pdf,https://p5js.org/reference/p5.Vector/magSq/
Math-p5.Vector-mult.pdf,https://p5js.org/reference/p5.Vector/mult/
Math-p5.Vector-normalize.pdf,https://p5js.org/reference/p5.Vector/normalize/
Math-p5.Vector-random2D.pdf,https://p5js.org/reference/p5.Vector/random2D/
Math-p5.Vector-random3D.pdf,https://p5js.org/reference/p5.Vector/random3D/
Math-p5.Vector-reflect.pdf,https://p5js.org/reference/p5.Vector/reflect/
Math-p5.Vector-rem.pdf,https://p5js.org/reference/p5.Vector/rem/
Math-p5.Vector-rotate.pdf,https://p5js.org/reference/p5.Vector/rotate/
Math-p5.Vector-set.pdf,https://p5js.org/reference/p5.Vector/set/
Math-p5.Vector-setHeading.pdf,https://p5js.org/reference/p5.Vector/setHeading/
Math-p5.Vector-setMag.pdf,https://p5js.org/reference/p5.Vector/setMag/
Math-p5.Vector-slerp.pdf,https://p5js.org/reference/p5.Vector/slerp/
Math-p5.Vector-sub.pdf,https://p5js.org/reference/p5.Vector/sub/
Math-p5.Vector-toString.pdf,https://p5js.org/reference/p5.Vector/toString/
Math-p5.Vector-x.pdf,https://p5js.org/reference/p5.Vector/x/
Math-p5.Vector-y.pdf,https://p5js.org/reference/p5.Vector/y/
Math-p5.Vector-z.pdf,https://p5js.org/reference/p5.Vector/z/
IO-Input-httpDo.pdf,https://p5js.org/reference/p5/httpDo/
IO-Input-httpGet.pdf,https://p5js.org/reference/p5/httpGet/
IO-Input-httpPost.pdf,https://p5js.org/reference/p5/httpPost/
IO-Input-loadBytes.pdf,https://p5js.org/reference/p5/loadBytes/
IO-Input-loadJSON.pdf,https://p5js.org/reference/p5/loadJSON/
IO-Input-loadStrings.pdf,https://p5js.org/reference/p5/loadStrings/
IO-Input-loadTable.pdf,https://p5js.org/reference/p5/loadTable/
IO-Input-loadXML.pdf,https://p5js.org/reference/p5/loadXML/
IO-Output-createWriter.pdf,https://p5js.org/reference/p5/createWriter/
IO-Output-p5.PrintWriter.pdf,https://p5js.org/reference/p5/p5.PrintWriter/
IO-Output-save.pdf,https://p5js.org/reference/p5/save/
IO-Output-saveJSON.pdf,https://p5js.org/reference/p5/saveJSON/
IO-Output-saveStrings.pdf,https://p5js.org/reference/p5/saveStrings/
IO-Output-saveTable.pdf,https://p5js.org/reference/p5/saveTable/
IO-Time-Date-day.pdf,https://p5js.org/reference/p5/day/
IO-Time-Date-hour.pdf,https://p5js.org/reference/p5/hour/
IO-Time-Date-millis.pdf,https://p5js.org/reference/p5/millis/
IO-Time-Date-minute.pdf,https://p5js.org/reference/p5/minute/
IO-Time-Date-month.pdf,https://p5js.org/reference/p5/month/
IO-Time-Date-second.pdf,https://p5js.org/reference/p5/second/
IO-Time-Date-year.pdf,https://p5js.org/reference/p5/year/
IO-p5.Table-addColumn.pdf,https://p5js.org/reference/p5.Table/addColumn/
IO-p5.Table-addRow.pdf,https://p5js.org/reference/p5.Table/addRow/
IO-p5.Table-clearRows.pdf,https://p5js.org/reference/p5.Table/clearRows/
IO-p5.Table-findRow.pdf,https://p5js.org/reference/p5.Table/findRow/
IO-p5.Table-findRows.pdf,https://p5js.org/reference/p5.Table/findRows/
IO-p5.Table-get.pdf,https://p5js.org/reference/p5.Table/get/
IO-p5.Table-getArray.pdf,https://p5js.org/reference/p5.Table/getArray/
IO-p5.Table-getColumn.pdf,https://p5js.org/reference/p5.Table/getColumn/
IO-p5.Table-getColumnCount.pdf,https://p5js.org/reference/p5.Table/getColumnCount/
IO-p5.Table-getNum.pdf,https://p5js.org/reference/p5.Table/getNum/
IO-p5.Table-getObject.pdf,https://p5js.org/reference/p5.Table/getObject/
IO-p5.Table-getRow.pdf,https://p5js.org/reference/p5.Table/getRow/
IO-p5.Table-getRowCount.pdf,https://p5js.org/reference/p5.Table/getRowCount/
IO-p5.Table-getRows.pdf,https://p5js.org/reference/p5.Table/getRows/
IO-p5.Table-getString.pdf,https://p5js.org/reference/p5.Table/getString/
IO-p5.Table-matchRow.pdf,https://p5js.org/reference/p5.Table/matchRow/
IO-p5.Table-matchRows.pdf,https://p5js.org/reference/p5.Table/matchRows/
IO-p5.Table-removeColumn.pdf,https://p5js.org/reference/p5.Table/removeColumn/
IO-p5.Table-removeRow.pdf,https://p5js.org/reference/p5.Table/removeRow/
IO-p5.Table-removeTokens.pdf,https://p5js.org/reference/p5.Table/removeTokens/
IO-p5.Table-rows.pdf,https://p5js.org/reference/p5.Table/rows/
IO-p5.Table-set.pdf,https://p5js.org/reference/p5.Table/set/
IO-p5.Table-setNum.pdf,https://p5js.org/reference/p5.Table/setNum/
IO-p5.Table-setString.pdf,https://p5js.org/reference/p5.Table/setString/
IO-p5.Table-trim.pdf,https://p5js.org/reference/p5.Table/trim/
IO-p5.TableRow-get.pdf,https://p5js.org/reference/p5.TableRow/get/
IO-p5.TableRow-getNum.pdf,https://p5js.org/reference/p5.TableRow/getNum/
IO-p5.TableRow-getString.pdf,https://p5js.org/reference/p5.TableRow/getString/
IO-p5.TableRow-set.pdf,https://p5js.org/reference/p5.TableRow/set/
IO-p5.TableRow-setNum.pdf,https://p5js.org/reference/p5.TableRow/setNum/
IO-p5.TableRow-setString.pdf,https://p5js.org/reference/p5.TableRow/setString/
IO-p5.XML-addChild.pdf,https://p5js.org/reference/p5.XML/addChild/
IO-p5.XML-getAttributeCount.pdf,https://p5js.org/reference/p5.XML/getAttributeCount/
IO-p5.XML-getChild.pdf,https://p5js.org/reference/p5.XML/getChild/
IO-p5.XML-getChildren.pdf,https://p5js.org/reference/p5.XML/getChildren/
IO-p5.XML-getContent.pdf,https://p5js.org/reference/p5.XML/getContent/
IO-p5.XML-getName.pdf,https://p5js.org/reference/p5.XML/getName/
IO-p5.XML-getNum.pdf,https://p5js.org/reference/p5.XML/getNum/
IO-p5.XML-getParent.pdf,https://p5js.org/reference/p5.XML/getParent/
IO-p5.XML-getString.pdf,https://p5js.org/reference/p5.XML/getString/
IO-p5.XML-hasAttribute.pdf,https://p5js.org/reference/p5.XML/hasAttribute/
IO-p5.XML-hasChildren.pdf,https://p5js.org/reference/p5.XML/hasChildren/
IO-p5.XML-listAttributes.pdf,https://p5js.org/reference/p5.XML/listAttributes/
IO-p5.XML-listChildren.pdf,https://p5js.org/reference/p5.XML/listChildren/
IO-p5.XML-removeChild.pdf,https://p5js.org/reference/p5.XML/removeChild/
IO-p5.XML-serialize.pdf,https://p5js.org/reference/p5.XML/serialize/
IO-p5.XML-setAttribute.pdf,https://p5js.org/reference/p5.XML/setAttribute/
IO-p5.XML-setContent.pdf,https://p5js.org/reference/p5.XML/setContent/
IO-p5.XML-setName.pdf,https://p5js.org/reference/p5.XML/setName/
Events-Acceleration-accelerationX.pdf,https://p5js.org/reference/p5/accelerationX/
Events-Acceleration-accelerationY.pdf,https://p5js.org/reference/p5/accelerationY/
Events-Acceleration-accelerationZ.pdf,https://p5js.org/reference/p5/accelerationZ/
Events-Acceleration-deviceMoved.pdf,https://p5js.org/reference/p5/deviceMoved/
Events-Acceleration-deviceOrientation.pdf,https://p5js.org/reference/p5/deviceOrientation/
Events-Acceleration-deviceShaken.pdf,https://p5js.org/reference/p5/deviceShaken/
Events-Acceleration-deviceTurned.pdf,https://p5js.org/reference/p5/deviceTurned/
Events-Acceleration-pAccelerationX.pdf,https://p5js.org/reference/p5/pAccelerationX/
Events-Acceleration-pAccelerationY.pdf,https://p5js.org/reference/p5/pAccelerationY/
Events-Acceleration-pAccelerationZ.pdf,https://p5js.org/reference/p5/pAccelerationZ/
Events-Acceleration-pRotationX.pdf,https://p5js.org/reference/p5/pRotationX/
Events-Acceleration-pRotationY.pdf,https://p5js.org/reference/p5/pRotationY/
Events-Acceleration-pRotationZ.pdf,https://p5js.org/reference/p5/pRotationZ/
Events-Acceleration-rotationX.pdf,https://p5js.org/reference/p5/rotationX/
Events-Acceleration-rotationY.pdf,https://p5js.org/reference/p5/rotationY/
Events-Acceleration-rotationZ.pdf,https://p5js.org/reference/p5/rotationZ/
Events-Acceleration-setMoveThreshold.pdf,https://p5js.org/reference/p5/setMoveThreshold/
Events-Acceleration-setShakeThreshold.pdf,https://p5js.org/reference/p5/setShakeThreshold/
Events-Acceleration-turnAxis.pdf,https://p5js.org/reference/p5/turnAxis/
Events-Keyboard-key.pdf,https://p5js.org/reference/p5/key/
Events-Keyboard-keyCode.pdf,https://p5js.org/reference/p5/keyCode/
Events-Keyboard-keyIsDown.pdf,https://p5js.org/reference/p5/keyIsDown/
Events-Keyboard-keyIsPressed.pdf,https://p5js.org/reference/p5/keyIsPressed/
Events-Keyboard-keyPressed.pdf,https://p5js.org/reference/p5/keyPressed/
Events-Keyboard-keyReleased.pdf,https://p5js.org/reference/p5/keyReleased/
Events-Keyboard-keyTyped.pdf,https://p5js.org/reference/p5/keyTyped/
Events-Mouse-doubleClicked.pdf,https://p5js.org/reference/p5/doubleClicked/
Events-Mouse-exitPointerLock.pdf,https://p5js.org/reference/p5/exitPointerLock/
Events-Mouse-mouseButton.pdf,https://p5js.org/reference/p5/mouseButton/
Events-Mouse-mouseClicked.pdf,https://p5js.org/reference/p5/mouseClicked/
Events-Mouse-mouseDragged.pdf,https://p5js.org/reference/p5/mouseDragged/
Events-Mouse-mouseIsPressed.pdf,https://p5js.org/reference/p5/mouseIsPressed/
Events-Mouse-mouseMoved.pdf,https://p5js.org/reference/p5/mouseMoved/
Events-Mouse-mousePressed.pdf,https://p5js.org/reference/p5/mousePressed/
Events-Mouse-mouseReleased.pdf,https://p5js.org/reference/p5/mouseReleased/
Events-Mouse-mouseWheel.pdf,https://p5js.org/reference/p5/mouseWheel/
Events-Mouse-mouseX.pdf,https://p5js.org/reference/p5/mouseX/
Events-Mouse-mouseY.pdf,https://p5js.org/reference/p5/mouseY/
Events-Mouse-movedX.pdf,https://p5js.org/reference/p5/movedX/
Events-Mouse-movedY.pdf,https://p5js.org/reference/p5/movedY/
Events-Mouse-pmouseX.pdf,https://p5js.org/reference/p5/pmouseX/
Events-Mouse-pmouseY.pdf,https://p5js.org/reference/p5/pmouseY/
Events-Mouse-pwinMouseX.pdf,https://p5js.org/reference/p5/pwinMouseX/
Events-Mouse-pwinMouseY.pdf,https://p5js.org/reference/p5/pwinMouseY/
Events-Mouse-requestPointerLock.pdf,https://p5js.org/reference/p5/requestPointerLock/
Events-Mouse-winMouseX.pdf,https://p5js.org/reference/p5/winMouseX/
Events-Mouse-winMouseY.pdf,https://p5js.org/reference/p5/winMouseY/
Events-Touch-touchEnded.pdf,https://p5js.org/reference/p5/touchEnded/
Events-Touch-touchMoved.pdf,https://p5js.org/reference/p5/touchMoved/
Events-Touch-touchStarted.pdf,https://p5js.org/reference/p5/touchStarted/
Events-Touch-touches.pdf,https://p5js.org/reference/p5/touches/
DOM-changed.pdf,https://p5js.org/reference/p5/changed/
DOM-createA.pdf,https://p5js.org/reference/p5/createA/
DOM-createAudio.pdf,https://p5js.org/reference/p5/createAudio/
DOM-createButton.pdf,https://p5js.org/reference/p5/createButton/
DOM-createCapture.pdf,https://p5js.org/reference/p5/createCapture/
DOM-createCheckbox.pdf,https://p5js.org/reference/p5/createCheckbox/
DOM-createColorPicker.pdf,https://p5js.org/reference/p5/createColorPicker/
DOM-createDiv.pdf,https://p5js.org/reference/p5/createDiv/
DOM-createElement.pdf,https://p5js.org/reference/p5/createElement/
DOM-createFileInput.pdf,https://p5js.org/reference/p5/createFileInput/
DOM-createImg.pdf,https://p5js.org/reference/p5/createImg/
DOM-createInput.pdf,https://p5js.org/reference/p5/createInput/
DOM-createP.pdf,https://p5js.org/reference/p5/createP/
DOM-createRadio.pdf,https://p5js.org/reference/p5/createRadio/
DOM-createSlider.pdf,https://p5js.org/reference/p5/createSlider/
DOM-createSpan.pdf,https://p5js.org/reference/p5/createSpan/
DOM-createVideo.pdf,https://p5js.org/reference/p5/createVideo/
DOM-input.pdf,https://p5js.org/reference/p5/input/
DOM-removeElements.pdf,https://p5js.org/reference/p5/removeElements/
DOM-select.pdf,https://p5js.org/reference/p5/select/
DOM-selectAll.pdf,https://p5js.org/reference/p5/selectAll/
DOM-p5.Element-addClass.pdf,https://p5js.org/reference/p5.Element/addClass/
DOM-p5.Element-attribute.pdf,https://p5js.org/reference/p5.Element/attribute/
DOM-p5.Element-center.pdf,https://p5js.org/reference/p5.Element/center/
DOM-p5.Element-child.pdf,https://p5js.org/reference/p5.Element/child/
DOM-p5.Element-class.pdf,https://p5js.org/reference/p5.Element/class/
DOM-p5.Element-doubleClicked.pdf,https://p5js.org/reference/p5.Element/doubleClicked/
DOM-p5.Element-dragLeave.pdf,https://p5js.org/reference/p5.Element/dragLeave/
DOM-p5.Element-dragOver.pdf,https://p5js.org/reference/p5.Element/dragOver/
DOM-p5.Element-draggable.pdf,https://p5js.org/reference/p5.Element/draggable/
DOM-p5.Element-drop.pdf,https://p5js.org/reference/p5.Element/drop/
DOM-p5.Element-elt.pdf,https://p5js.org/reference/p5.Element/elt/
DOM-p5.Element-hasClass.pdf,https://p5js.org/reference/p5.Element/hasClass/
DOM-p5.Element-height.pdf,https://p5js.org/reference/p5.Element/height/
DOM-p5.Element-hide.pdf,https://p5js.org/reference/p5.Element/hide/
DOM-p5.Element-html.pdf,https://p5js.org/reference/p5.Element/html/
DOM-p5.Element-id.pdf,https://p5js.org/reference/p5.Element/id/
DOM-p5.Element-mouseClicked.pdf,https://p5js.org/reference/p5.Element/mouseClicked/
DOM-p5.Element-mouseMoved.pdf,https://p5js.org/reference/p5.Element/mouseMoved/
DOM-p5.Element-mouseOut.pdf,https://p5js.org/reference/p5.Element/mouseOut/
DOM-p5.Element-mouseOver.pdf,https://p5js.org/reference/p5.Element/mouseOver/
DOM-p5.Element-mousePressed.pdf,https://p5js.org/reference/p5.Element/mousePressed/
DOM-p5.Element-mouseReleased.pdf,https://p5js.org/reference/p5.Element/mouseReleased/
DOM-p5.Element-mouseWheel.pdf,https://p5js.org/reference/p5.Element/mouseWheel/
DOM-p5.Element-parent.pdf,https://p5js.org/reference/p5.Element/parent/
DOM-p5.Element-position.pdf,https://p5js.org/reference/p5.Element/position/
DOM-p5.Element-remove.pdf,https://p5js.org/reference/p5.Element/remove/
DOM-p5.Element-removeAttribute.pdf,https://p5js.org/reference/p5.Element/removeAttribute/
DOM-p5.Element-removeClass.pdf,https://p5js.org/reference/p5.Element/removeClass/
DOM-p5.Element-show.pdf,https://p5js.org/reference/p5.Element/show/
DOM-p5.Element-size.pdf,https://p5js.org/reference/p5.Element/size/
DOM-p5.Element-style.pdf,https://p5js.org/reference/p5.Element/style/
DOM-p5.Element-toggleClass.pdf,https://p5js.org/reference/p5.Element/toggleClass/
DOM-p5.Element-touchEnded.pdf,https://p5js.org/reference/p5.Element/touchEnded/
DOM-p5.Element-touchMoved.pdf,https://p5js.org/reference/p5.Element/touchMoved/
DOM-p5.Element-touchStarted.pdf,https://p5js.org/reference/p5.Element/touchStarted/
DOM-p5.Element-value.pdf,https://p5js.org/reference/p5.Element/value/
DOM-p5.Element-width.pdf,https://p5js.org/reference/p5.Element/width/
DOM-p5.File-data.pdf,https://p5js.org/reference/p5.File/data/
DOM-p5.File-file.pdf,https://p5js.org/reference/p5.File/file/
DOM-p5.File-name.pdf,https://p5js.org/reference/p5.File/name/
DOM-p5.File-size.pdf,https://p5js.org/reference/p5.File/size/
DOM-p5.File-subtype.pdf,https://p5js.org/reference/p5.File/subtype/
DOM-p5.File-type.pdf,https://p5js.org/reference/p5.File/type/
DOM-p5.MediaElement-addCue.pdf,https://p5js.org/reference/p5.MediaElement/addCue/
DOM-p5.MediaElement-autoplay.pdf,https://p5js.org/reference/p5.MediaElement/autoplay/
DOM-p5.MediaElement-clearCues.pdf,https://p5js.org/reference/p5.MediaElement/clearCues/
DOM-p5.MediaElement-connect.pdf,https://p5js.org/reference/p5.MediaElement/connect/
DOM-p5.MediaElement-disconnect.pdf,https://p5js.org/reference/p5.MediaElement/disconnect/
DOM-p5.MediaElement-duration.pdf,https://p5js.org/reference/p5.MediaElement/duration/
DOM-p5.MediaElement-hideControls.pdf,https://p5js.org/reference/p5.MediaElement/hideControls/
DOM-p5.MediaElement-loop.pdf,https://p5js.org/reference/p5.MediaElement/loop/
DOM-p5.MediaElement-noLoop.pdf,https://p5js.org/reference/p5.MediaElement/noLoop/
DOM-p5.MediaElement-onended.pdf,https://p5js.org/reference/p5.MediaElement/onended/
DOM-p5.MediaElement-pause.pdf,https://p5js.org/reference/p5.MediaElement/pause/
DOM-p5.MediaElement-play.pdf,https://p5js.org/reference/p5.MediaElement/play/
DOM-p5.MediaElement-removeCue.pdf,https://p5js.org/reference/p5.MediaElement/removeCue/
DOM-p5.MediaElement-showControls.pdf,https://p5js.org/reference/p5.MediaElement/showControls/
DOM-p5.MediaElement-speed.pdf,https://p5js.org/reference/p5.MediaElement/speed/
DOM-p5.MediaElement-src.pdf,https://p5js.org/reference/p5.MediaElement/src/
DOM-p5.MediaElement-stop.pdf,https://p5js.org/reference/p5.MediaElement/stop/
DOM-p5.MediaElement-time.pdf,https://p5js.org/reference/p5.MediaElement/time/
DOM-p5.MediaElement-volume.pdf,https://p5js.org/reference/p5.MediaElement/volume/
Data-Array-Functions-append.pdf,https://p5js.org/reference/p5/append/
Data-Array-Functions-arrayCopy.pdf,https://p5js.org/reference/p5/arrayCopy/
Data-Array-Functions-concat.pdf,https://p5js.org/reference/p5/concat/
Data-Array-Functions-reverse.pdf,https://p5js.org/reference/p5/reverse/
Data-Array-Functions-shorten.pdf,https://p5js.org/reference/p5/shorten/
Data-Array-Functions-shuffle.pdf,https://p5js.org/reference/p5/shuffle/
Data-Array-Functions-sort.pdf,https://p5js.org/reference/p5/sort/
Data-Array-Functions-splice.pdf,https://p5js.org/reference/p5/splice/
Data-Array-Functions-subset.pdf,https://p5js.org/reference/p5/subset/
Data-Conversion-boolean.pdf,https://p5js.org/reference/p5/boolean/
Data-Conversion-byte.pdf,https://p5js.org/reference/p5/byte/
Data-Conversion-char.pdf,https://p5js.org/reference/p5/char/
Data-Conversion-float.pdf,https://p5js.org/reference/p5/float/
Data-Conversion-hex.pdf,https://p5js.org/reference/p5/hex/
Data-Conversion-int.pdf,https://p5js.org/reference/p5/int/
Data-Conversion-str.pdf,https://p5js.org/reference/p5/str/
Data-Conversion-unchar.pdf,https://p5js.org/reference/p5/unchar/
Data-Conversion-unhex.pdf,https://p5js.org/reference/p5/unhex/
Data-Dictionary-createNumberDict.pdf,https://p5js.org/reference/p5/createNumberDict/
Data-Dictionary-createStringDict.pdf,https://p5js.org/reference/p5/createStringDict/
Data-Dictionary-p5.StringDict.pdf,https://p5js.org/reference/p5/p5.StringDict/
Data-LocalStorage-clearStorage.pdf,https://p5js.org/reference/p5/clearStorage/
Data-LocalStorage-getItem.pdf,https://p5js.org/reference/p5/getItem/
Data-LocalStorage-removeItem.pdf,https://p5js.org/reference/p5/removeItem/
Data-LocalStorage-storeItem.pdf,https://p5js.org/reference/p5/storeItem/
Data-String-Functions-join.pdf,https://p5js.org/reference/p5/join/
Data-String-Functions-match.pdf,https://p5js.org/reference/p5/match/
Data-String-Functions-matchAll.pdf,https://p5js.org/reference/p5/matchAll/
Data-String-Functions-nf.pdf,https://p5js.org/reference/p5/nf/
Data-String-Functions-nfc.pdf,https://p5js.org/reference/p5/nfc/
Data-String-Functions-nfp.pdf,https://p5js.org/reference/p5/nfp/
Data-String-Functions-nfs.pdf,https://p5js.org/reference/p5/nfs/
Data-String-Functions-split.pdf,https://p5js.org/reference/p5/split/
Data-String-Functions-splitTokens.pdf,https://p5js.org/reference/p5/splitTokens/
Data-String-Functions-trim.pdf,https://p5js.org/reference/p5/trim/
Data-p5.NumberDict-add.pdf,https://p5js.org/reference/p5.NumberDict/add/
Data-p5.NumberDict-div.pdf,https://p5js.org/reference/p5.NumberDict/div/
Data-p5.NumberDict-maxKey.pdf,https://p5js.org/reference/p5.NumberDict/maxKey/
Data-p5.NumberDict-maxValue.pdf,https://p5js.org/reference/p5.NumberDict/maxValue/
Data-p5.NumberDict-minKey.pdf,https://p5js.org/reference/p5.NumberDict/minKey/
Data-p5.NumberDict-minValue.pdf,https://p5js.org/reference/p5.NumberDict/minValue/
Data-p5.NumberDict-mult.pdf,https://p5js.org/reference/p5.NumberDict/mult/
Data-p5.NumberDict-sub.pdf,https://p5js.org/reference/p5.NumberDict/sub/
Data-p5.TypedDict-clear.pdf,https://p5js.org/reference/p5.TypedDict/clear/
Data-p5.TypedDict-create.pdf,https://p5js.org/reference/p5.TypedDict/create/
Data-p5.TypedDict-get.pdf,https://p5js.org/reference/p5.TypedDict/get/
Data-p5.TypedDict-hasKey.pdf,https://p5js.org/reference/p5.TypedDict/hasKey/
Data-p5.TypedDict-print.pdf,https://p5js.org/reference/p5.TypedDict/print/
Data-p5.TypedDict-remove.pdf,https://p5js.org/reference/p5.TypedDict/remove/
Data-p5.TypedDict-saveJSON.pdf,https://p5js.org/reference/p5.TypedDict/saveJSON/
Data-p5.TypedDict-saveTable.pdf,https://p5js.org/reference/p5.TypedDict/saveTable/
Data-p5.TypedDict-set.pdf,https://p5js.org/reference/p5.TypedDict/set/
Data-p5.TypedDict-size.pdf,https://p5js.org/reference/p5.TypedDict/size/
Structure-disableFriendlyErrors.pdf,https://p5js.org/reference/p5/disableFriendlyErrors/
Structure-draw.pdf,https://p5js.org/reference/p5/draw/
Structure-isLooping.pdf,https://p5js.org/reference/p5/isLooping/
Structure-loop.pdf,https://p5js.org/reference/p5/loop/
Structure-noLoop.pdf,https://p5js.org/reference/p5/noLoop/
Structure-pop.pdf,https://p5js.org/reference/p5/pop/
Structure-preload.pdf,https://p5js.org/reference/p5/preload/
Structure-push.pdf,https://p5js.org/reference/p5/push/
Structure-redraw.pdf,https://p5js.org/reference/p5/redraw/
Structure-remove.pdf,https://p5js.org/reference/p5/remove/
Structure-setup.pdf,https://p5js.org/reference/p5/setup/
Constants-AUTO.pdf,https://p5js.org/reference/p5/AUTO/
Constants-DEGREES.pdf,https://p5js.org/reference/p5/DEGREES/
Constants-HALF-_PI.pdf,https://p5js.org/reference/p5/HALF_PI/
Constants-HSB.pdf,https://p5js.org/reference/p5/HSB/
Constants-P2D.pdf,https://p5js.org/reference/p5/P2D/
Constants-PI.pdf,https://p5js.org/reference/p5/PI/
Constants-QUARTER-_PI.pdf,https://p5js.org/reference/p5/QUARTER_PI/
Constants-RADIANS.pdf,https://p5js.org/reference/p5/RADIANS/
Constants-TAU.pdf,https://p5js.org/reference/p5/TAU/
Constants-TWO-_PI.pdf,https://p5js.org/reference/p5/TWO_PI/
Constants-VERSION.pdf,https://p5js.org/reference/p5/VERSION/
Constants-WEBGL.pdf,https://p5js.org/reference/p5/WEBGL/
Constants-WEBGL2.pdf,https://p5js.org/reference/p5/WEBGL2/
Foundation-class.pdf,https://p5js.org/reference/p5/class/
Foundation-console.pdf,https://p5js.org/reference/p5/console/
Foundation-for.pdf,https://p5js.org/reference/p5/for/
Foundation-function.pdf,https://p5js.org/reference/p5/function/
Foundation-if.pdf,https://p5js.org/reference/p5/if/
Foundation-let.pdf,https://p5js.org/reference/p5/let/
Foundation-Array.pdf,https://p5js.org/reference/p5/Array/
Foundation-Boolean.pdf,https://p5js.org/reference/p5/Boolean/
Foundation-Number.pdf,https://p5js.org/reference/p5/Number/
Foundation-Object.pdf,https://p5js.org/reference/p5/Object/
Foundation-String.pdf,https://p5js.org/reference/p5/String/
Foundation-while.pdf,https://p5js.org/reference/p5/while/
